{
  "dark_noise": {
    "0": [
      2.4161090550478548e-05,
      1.654163790893562e-05,
      2.9689470011362573e-05,
      1.9040677993221634e-05
    ],
    "1": [
      2.0479121758398833e-05,
      1.506009442000029e-05,
      3.7949232591927284e-05,
      1.6559315253755164e-05
    ],
    "2": [
      2.4985745312733343e-05,
      1.2493004770669842e-05,
      2.6140016871067928e-05,
      1.4182524208897375e-05
    ],
    "3": [
      2.73291129815334e-05,
      1.2347832352370475e-05,
      3.058022002733196e-05,
      1.3056984425208768e-05
    ],
    "4": [
      2.512700575607596e-05,
      1.3771528772728607e-05,
      2.783570153042092e-05,
      1.7494605858070722e-05
    ],
    "5": [
      2.3332224827754544e-05,
      1.6468621994456736e-05,
      3.6269836982683046e-05,
      1.2745888571814982e-05
    ],
    "6": [
      3.0249445899244165e-05,
      1.3128362698181595e-05,
      3.815437139564892e-05,
      1.472973655887253e-05
    ],
    "7": [
      2.8169035886094207e-05,
      1.4684662807059778e-05,
      1.9504168449202552e-05,
      1.1398234836198918e-05
    ],
    "8": [
      2.9771329081995646e-05,
      1.166007300847218e-05,
      3.0294393127405783e-05,
      1.171089490453273e-05
    ],
    "9": [
      1.9160040665155975e-05,
      8.194482943527473e-06,
      1.904405053210212e-05,
      1.1867835182791242e-05
    ],
    "10": [
      2.7514900011738064e-05,
      1.5217161616769301e-05,
      2.3764921479596524e-05,
      1.4594003171007905e-05
    ],
    "11": [
      2.622162355692126e-05,
      9.75667205302032e-06,
      2.9781756438751472e-05,
      1.1168662797109186e-05
    ],
    "12": [
      2.0763513930432964e-05,
      1.722479453610426e-05,
      2.7901060093427077e-05,
      1.9080719447923918e-05
    ],
    "13": [
      2.0123648027947638e-05,
      1.1381391434407721e-05,
      2.396407808191725e-05,
      1.3819637318839797e-05
    ],
    "14": [
      1.9755759694817243e-05,
      1.243782197344599e-05,
      2.72894089903275e-05,
      1.369325990126017e-05
    ],
    "15": [
      3.006522319992655e-05,
      1.3187034964172507e-05,
      2.9527539027185412e-05,
      2.0219337456726995e-05
    ],
    "16": [
      4.073124273418216e-05,
      1.608358939479254e-05,
      3.845144874503603e-05,
      1.5963213124849416e-05
    ],
    "17": [
      2.9872624054405605e-05,
      1.943484512050244e-05,
      4.5438350753101986e-05,
      1.7830877653981233e-05
    ],
    "18": [
      3.645011020125821e-05,
      1.603966964824911e-05,
      2.969489514725865e-05,
      1.8017496787527982e-05
    ],
    "19": [
      5.9496137509995606e-05,
      3.328670568572909e-05,
      5.9387234614405315e-05,
      3.0327725261427242e-05
    ],
    "20": [
      3.21235438605072e-05,
      1.5910732256720698e-05,
      3.319184770589345e-05,
      2.2976826859862116e-05
    ]
  },
  "amplitudes": [
    [
      0.6000000000000001,
      1.0334830843636125
    ],
    [
      0.13560356522289127,
      0.20831239954496333
    ],
    [
      0.6,
      1.3834542578260496
    ],
    [
      0.2312395084889348,
      0.39498742749555815
    ],
    [
      0.36052808442012096,
      0.6
    ],
    [
      0.015480627801814993,
      0.03845177364012543
    ],
    [
      0.45154520179811247,
      0.6
    ],
    [
      0.0014747914392427416,
      0.002961130688951535
    ],
    [
      0.0587951102742859,
      0.09875157426586523
    ],
    [
      0.005019252679937205,
      0.012555975513814826
    ],
    [
      0.004616664906445399,
      0.012517389873706906
    ],
    [
      0.27535270826423386,
      0.6000000000000001
    ],
    [
      0.0007722973942360801,
      0.0015707302928878292
    ],
    [
      0.0025148333577926733,
      0.00999339051708952
    ],
    [
      0.19204930783109622,
      0.6
    ],
    [
      0.08452693488173033,
      0.15792358417352986
    ],
    [
      0.014184483428632492,
      0.030456639886845414
    ],
    [
      0.07435373961925507,
      0.2562037669122219
    ],
    [
      0.009728888981044292,
      0.03047283971682191
    ],
    [
      0.06520213093608618,
      0.21981177851557732
    ],
    [
      0.005209514056332409,
      0.015625095693394542
    ],
    [
      0.003519988094922155,
      0.009191706776618958
    ],
    [
      0.04772431217133999,
      0.1367455255240202
    ],
    [
      0.17372488975524902,
      0.5063709244132042
    ],
    [
      0.015011187642812729,
      0.040771798230707645
    ],
    [
      0.008409133297391236,
      0.017645946936681867
    ],
    [
      0.005881086108274758,
      0.012489180080592632
    ],
    [
      0.12592307291924953,
      0.3950405865907669
    ],
    [
      0.002006812865147367,
      0.0047408961108885705
    ],
    [
      0.10346733964979649,
      0.23471184074878693
    ],
    [
      0.07482867687940598,
      0.14178876765072346
    ],
    [
      0.10671466251408523,
      0.2890215302899615
    ],
    [
      0.025997473745187755,
      0.06441796936873302
    ],
    [
      0.23055795878284638,
      0.6
    ],
    [
      0.0045504765109239415,
      0.012124054169063939
    ],
    [
      0.000917101206141524,
      0.003062734322156757
    ],
    [
      0.016265534795820713,
      0.048211137764155865
    ],
    [
      0.0593237578868866,
      0.1608840376138687
    ],
    [
      0.5999999999999999,
      1.176864115736505
    ],
    [
      0.0556819410640391,
      0.14456066624045866
    ],
    [
      0.22056710389790563,
      0.6
    ],
    [
      0.001141108728206921,
      0.006179994134829525
    ],
    [
      0.12216203846037388,
      0.5334033071994781
    ],
    [
      0.022748643532395363,
      0.11609549634158611
    ],
    [
      0.4193410581820617,
      0.6
    ],
    [
      0.006334449049014675,
      0.015318156615189427
    ],
    [
      0.14098523620577708,
      0.2787875285511782
    ],
    [
      0.018860137135601224,
      0.033305345182405494
    ],
    [
      0.013723990125556057,
      0.022803959282049834
    ],
    [
      0.2469405810695961,
      0.6000000000000001
    ],
    [
      0.0003214596437992203,
      0.000760937437274572
    ],
    [
      0.060293198982038866,
      0.10028953014495612
    ],
    [
      0.01472173702007833,
      0.03576492534361159
    ],
    [
      0.15337935776093192,
      0.6
    ],
    [
      0.015185595314887756,
      0.05832638174918158
    ],
    [
      0.12729241512715816,
      0.39682190865278244
    ],
    [
      0.009784586727619171,
      0.02917569363489747
    ],
    [
      0.003226658736821264,
      0.009190148557536304
    ],
    [
      0.06799723487347364,
      0.16803646460175514
    ],
    [
      0.005803475505672395,
      0.011467452859506011
    ],
    [
      0.030482264701277018,
      0.08808779530227184
    ],
    [
      0.08846710436046124,
      0.16413263976573944
    ],
    [
      0.005418757791630924,
      0.009256195626221597
    ],
    [
      0.0019438174786046147,
      0.003666621632874012
    ],
    [
      0.007686394383199513,
      0.022149034775793552
    ],
    [
      0.009961897740140557,
      0.023874330800026655
    ],
    [
      0.0016843312187120318,
      0.004806975775863975
    ],
    [
      0.03510009730234742,
      0.12347553856670856
    ],
    [
      0.011513435747474432,
      0.045414199121296406
    ],
    [
      0.027556633576750755,
      0.08026043884456158
    ],
    [
      0.005850883317179978,
      0.01707813236862421
    ],
    [
      0.10500054806470871,
      0.2623501420021057
    ],
    [
